{
	"partitions" : [
		{
			"name" : "Top",
			"pins" : [
				{
					"name" : "result[0]",
					"strict" : false
				},
				{
					"name" : "result[1]",
					"strict" : false
				},
				{
					"name" : "result[2]",
					"strict" : false
				},
				{
					"name" : "result[3]",
					"strict" : false
				},
				{
					"name" : "result[4]",
					"strict" : false
				},
				{
					"name" : "result[5]",
					"strict" : false
				},
				{
					"name" : "result[6]",
					"strict" : false
				},
				{
					"name" : "result[7]",
					"strict" : false
				},
				{
					"name" : "result[8]",
					"strict" : false
				},
				{
					"name" : "result[9]",
					"strict" : false
				},
				{
					"name" : "result[10]",
					"strict" : false
				},
				{
					"name" : "result[11]",
					"strict" : false
				},
				{
					"name" : "result[12]",
					"strict" : false
				},
				{
					"name" : "result[13]",
					"strict" : false
				},
				{
					"name" : "result[14]",
					"strict" : false
				},
				{
					"name" : "result[15]",
					"strict" : false
				},
				{
					"name" : "result[16]",
					"strict" : false
				},
				{
					"name" : "result[17]",
					"strict" : false
				},
				{
					"name" : "result[18]",
					"strict" : false
				},
				{
					"name" : "result[19]",
					"strict" : false
				},
				{
					"name" : "result[20]",
					"strict" : false
				},
				{
					"name" : "result[21]",
					"strict" : false
				},
				{
					"name" : "result[22]",
					"strict" : false
				},
				{
					"name" : "result[23]",
					"strict" : false
				},
				{
					"name" : "result[24]",
					"strict" : false
				},
				{
					"name" : "result[25]",
					"strict" : false
				},
				{
					"name" : "result[26]",
					"strict" : false
				},
				{
					"name" : "result[27]",
					"strict" : false
				},
				{
					"name" : "result[28]",
					"strict" : false
				},
				{
					"name" : "result[29]",
					"strict" : false
				},
				{
					"name" : "result[30]",
					"strict" : false
				},
				{
					"name" : "result[31]",
					"strict" : false
				},
				{
					"name" : "cout",
					"strict" : false
				},
				{
					"name" : "zero",
					"strict" : false
				},
				{
					"name" : "op[2]",
					"strict" : false
				},
				{
					"name" : "op[0]",
					"strict" : false
				},
				{
					"name" : "a[1]",
					"strict" : false
				},
				{
					"name" : "a[31]",
					"strict" : false
				},
				{
					"name" : "op[1]",
					"strict" : false
				},
				{
					"name" : "a[0]",
					"strict" : false
				},
				{
					"name" : "b[0]",
					"strict" : false
				},
				{
					"name" : "b[1]",
					"strict" : false
				},
				{
					"name" : "a[2]",
					"strict" : false
				},
				{
					"name" : "b[2]",
					"strict" : false
				},
				{
					"name" : "a[3]",
					"strict" : false
				},
				{
					"name" : "b[3]",
					"strict" : false
				},
				{
					"name" : "a[4]",
					"strict" : false
				},
				{
					"name" : "b[4]",
					"strict" : false
				},
				{
					"name" : "a[5]",
					"strict" : false
				},
				{
					"name" : "b[5]",
					"strict" : false
				},
				{
					"name" : "a[6]",
					"strict" : false
				},
				{
					"name" : "b[6]",
					"strict" : false
				},
				{
					"name" : "a[7]",
					"strict" : false
				},
				{
					"name" : "b[7]",
					"strict" : false
				},
				{
					"name" : "a[8]",
					"strict" : false
				},
				{
					"name" : "b[8]",
					"strict" : false
				},
				{
					"name" : "a[9]",
					"strict" : false
				},
				{
					"name" : "b[9]",
					"strict" : false
				},
				{
					"name" : "a[10]",
					"strict" : false
				},
				{
					"name" : "b[10]",
					"strict" : false
				},
				{
					"name" : "a[11]",
					"strict" : false
				},
				{
					"name" : "b[11]",
					"strict" : false
				},
				{
					"name" : "a[12]",
					"strict" : false
				},
				{
					"name" : "b[12]",
					"strict" : false
				},
				{
					"name" : "a[13]",
					"strict" : false
				},
				{
					"name" : "b[13]",
					"strict" : false
				},
				{
					"name" : "a[14]",
					"strict" : false
				},
				{
					"name" : "b[14]",
					"strict" : false
				},
				{
					"name" : "a[15]",
					"strict" : false
				},
				{
					"name" : "b[15]",
					"strict" : false
				},
				{
					"name" : "a[16]",
					"strict" : false
				},
				{
					"name" : "b[16]",
					"strict" : false
				},
				{
					"name" : "a[17]",
					"strict" : false
				},
				{
					"name" : "b[17]",
					"strict" : false
				},
				{
					"name" : "a[18]",
					"strict" : false
				},
				{
					"name" : "b[18]",
					"strict" : false
				},
				{
					"name" : "a[19]",
					"strict" : false
				},
				{
					"name" : "b[19]",
					"strict" : false
				},
				{
					"name" : "a[20]",
					"strict" : false
				},
				{
					"name" : "b[20]",
					"strict" : false
				},
				{
					"name" : "a[21]",
					"strict" : false
				},
				{
					"name" : "b[21]",
					"strict" : false
				},
				{
					"name" : "a[22]",
					"strict" : false
				},
				{
					"name" : "b[22]",
					"strict" : false
				},
				{
					"name" : "a[23]",
					"strict" : false
				},
				{
					"name" : "b[23]",
					"strict" : false
				},
				{
					"name" : "a[24]",
					"strict" : false
				},
				{
					"name" : "b[24]",
					"strict" : false
				},
				{
					"name" : "a[25]",
					"strict" : false
				},
				{
					"name" : "b[25]",
					"strict" : false
				},
				{
					"name" : "a[26]",
					"strict" : false
				},
				{
					"name" : "b[26]",
					"strict" : false
				},
				{
					"name" : "a[27]",
					"strict" : false
				},
				{
					"name" : "b[27]",
					"strict" : false
				},
				{
					"name" : "a[28]",
					"strict" : false
				},
				{
					"name" : "b[28]",
					"strict" : false
				},
				{
					"name" : "a[29]",
					"strict" : false
				},
				{
					"name" : "b[29]",
					"strict" : false
				},
				{
					"name" : "a[30]",
					"strict" : false
				},
				{
					"name" : "b[30]",
					"strict" : false
				},
				{
					"name" : "b[31]",
					"strict" : false
				}
			]
		}
	]
}